user_id,recommended_ads
1,"Budget-Friendly Vacation Packages, Luxury Hotel Deals, Special Discounts on Flights!"
2,"Budget-Friendly Vacation Packages, Luxury Hotel Deals, Special Discounts on Flights!, Exclusive Business Class Offers!"
3,"Budget-Friendly Vacation Packages, Luxury Hotel Deals, Special Discounts on Flights!, Exclusive Business Class Offers!"
4,"Budget-Friendly Vacation Packages, Luxury Hotel Deals, Exclusive Business Class Offers!, Special Discounts on Flights!"
5,"Budget-Friendly Vacation Packages, Luxury Hotel Deals, Exclusive Business Class Offers!, Special Discounts on Flights!"
6,"Budget-Friendly Vacation Packages, Luxury Hotel Deals, Exclusive Business Class Offers!, Special Discounts on Flights!"
7,"Budget-Friendly Vacation Packages, Luxury Hotel Deals, Exclusive Business Class Offers!, Special Discounts on Flights!"
8,"Budget-Friendly Vacation Packages, Luxury Hotel Deals, Exclusive Business Class Offers!, Special Discounts on Flights!"
9,"Budget-Friendly Vacation Packages, Luxury Hotel Deals, Exclusive Business Class Offers!, Special Discounts on Flights!"
10,"Budget-Friendly Vacation Packages, Luxury Hotel Deals, Special Discounts on Flights!, Exclusive Business Class Offers!"
11,"Budget-Friendly Vacation Packages, Luxury Hotel Deals, Special Discounts on Flights!"
12,"Budget-Friendly Vacation Packages, Luxury Hotel Deals, Special Discounts on Flights!, Exclusive Business Class Offers!"
13,"Budget-Friendly Vacation Packages, Luxury Hotel Deals, Exclusive Business Class Offers!, Special Discounts on Flights!"
14,"Budget-Friendly Vacation Packages, Luxury Hotel Deals, Special Discounts on Flights!, Exclusive Business Class Offers!"
15,"Budget-Friendly Vacation Packages, Luxury Hotel Deals, Special Discounts on Flights!"
16,"Budget-Friendly Vacation Packages, Luxury Hotel Deals, Special Discounts on Flights!, Exclusive Business Class Offers!"
17,"Budget-Friendly Vacation Packages, Luxury Hotel Deals, Special Discounts on Flights!, Exclusive Business Class Offers!"
18,"Budget-Friendly Vacation Packages, Luxury Hotel Deals, Exclusive Business Class Offers!, Special Discounts on Flights!"
19,"Budget-Friendly Vacation Packages, Luxury Hotel Deals, Special Discounts on Flights!"
20,"Budget-Friendly Vacation Packages, Luxury Hotel Deals, Special Discounts on Flights!"
21,"Budget-Friendly Vacation Packages, Luxury Hotel Deals, Special Discounts on Flights!, Exclusive Business Class Offers!"
22,"Budget-Friendly Vacation Packages, Luxury Hotel Deals, Special Discounts on Flights!, Exclusive Business Class Offers!"
23,"Budget-Friendly Vacation Packages, Luxury Hotel Deals, Special Discounts on Flights!, Exclusive Business Class Offers!"
24,"Budget-Friendly Vacation Packages, Luxury Hotel Deals, Exclusive Business Class Offers!, Special Discounts on Flights!"
25,"Budget-Friendly Vacation Packages, Luxury Hotel Deals, Exclusive Business Class Offers!, Special Discounts on Flights!"
26,"Budget-Friendly Vacation Packages, Luxury Hotel Deals, Exclusive Business Class Offers!, Special Discounts on Flights!"
27,"Budget-Friendly Vacation Packages, Luxury Hotel Deals, Special Discounts on Flights!, Exclusive Business Class Offers!"
28,"Budget-Friendly Vacation Packages, Luxury Hotel Deals, Special Discounts on Flights!, Exclusive Business Class Offers!"
29,"Budget-Friendly Vacation Packages, Luxury Hotel Deals, Exclusive Business Class Offers!, Special Discounts on Flights!"
30,"Budget-Friendly Vacation Packages, Luxury Hotel Deals, Special Discounts on Flights!, Exclusive Business Class Offers!"
31,"Budget-Friendly Vacation Packages, Luxury Hotel Deals, Exclusive Business Class Offers!, Special Discounts on Flights!"
32,"Budget-Friendly Vacation Packages, Luxury Hotel Deals, Special Discounts on Flights!, Exclusive Business Class Offers!"
33,"Budget-Friendly Vacation Packages, Luxury Hotel Deals, Exclusive Business Class Offers!, Special Discounts on Flights!"
34,"Budget-Friendly Vacation Packages, Luxury Hotel Deals, Special Discounts on Flights!"
35,"Budget-Friendly Vacation Packages, Luxury Hotel Deals, Exclusive Business Class Offers!, Special Discounts on Flights!"
36,"Budget-Friendly Vacation Packages, Luxury Hotel Deals, Special Discounts on Flights!"
37,"Budget-Friendly Vacation Packages, Luxury Hotel Deals, Special Discounts on Flights!"
38,"Budget-Friendly Vacation Packages, Luxury Hotel Deals, Special Discounts on Flights!"
39,"Budget-Friendly Vacation Packages, Luxury Hotel Deals, Special Discounts on Flights!, Exclusive Business Class Offers!"
40,"Budget-Friendly Vacation Packages, Luxury Hotel Deals, Special Discounts on Flights!"
41,"Budget-Friendly Vacation Packages, Luxury Hotel Deals, Special Discounts on Flights!, Exclusive Business Class Offers!"
42,"Budget-Friendly Vacation Packages, Luxury Hotel Deals, Special Discounts on Flights!, Exclusive Business Class Offers!"
43,"Budget-Friendly Vacation Packages, Luxury Hotel Deals, Special Discounts on Flights!, Exclusive Business Class Offers!"
44,"Budget-Friendly Vacation Packages, Luxury Hotel Deals, Exclusive Business Class Offers!, Special Discounts on Flights!"
45,"Budget-Friendly Vacation Packages, Luxury Hotel Deals, Exclusive Business Class Offers!, Special Discounts on Flights!"
46,"Budget-Friendly Vacation Packages, Luxury Hotel Deals, Exclusive Business Class Offers!, Special Discounts on Flights!"
47,"Budget-Friendly Vacation Packages, Luxury Hotel Deals, Special Discounts on Flights!, Exclusive Business Class Offers!"
48,"Budget-Friendly Vacation Packages, Luxury Hotel Deals, Special Discounts on Flights!, Exclusive Business Class Offers!"
49,"Budget-Friendly Vacation Packages, Luxury Hotel Deals, Special Discounts on Flights!, Exclusive Business Class Offers!"
50,"Budget-Friendly Vacation Packages, Luxury Hotel Deals, Special Discounts on Flights!, Exclusive Business Class Offers!"
51,"Budget-Friendly Vacation Packages, Luxury Hotel Deals, Special Discounts on Flights!, Exclusive Business Class Offers!"
52,"Budget-Friendly Vacation Packages, Luxury Hotel Deals, Special Discounts on Flights!, Exclusive Business Class Offers!"
53,"Budget-Friendly Vacation Packages, Luxury Hotel Deals, Exclusive Business Class Offers!, Special Discounts on Flights!"
54,"Budget-Friendly Vacation Packages, Luxury Hotel Deals, Exclusive Business Class Offers!, Special Discounts on Flights!"
55,"Budget-Friendly Vacation Packages, Luxury Hotel Deals, Special Discounts on Flights!, Exclusive Business Class Offers!"
56,"Budget-Friendly Vacation Packages, Luxury Hotel Deals, Special Discounts on Flights!"
57,"Budget-Friendly Vacation Packages, Luxury Hotel Deals, Special Discounts on Flights!, Exclusive Business Class Offers!"
58,"Budget-Friendly Vacation Packages, Luxury Hotel Deals, Special Discounts on Flights!, Exclusive Business Class Offers!"
59,"Budget-Friendly Vacation Packages, Luxury Hotel Deals, Special Discounts on Flights!, Exclusive Business Class Offers!"
60,"Budget-Friendly Vacation Packages, Luxury Hotel Deals, Special Discounts on Flights!"
61,"Budget-Friendly Vacation Packages, Luxury Hotel Deals, Special Discounts on Flights!"
62,"Budget-Friendly Vacation Packages, Luxury Hotel Deals, Exclusive Business Class Offers!, Special Discounts on Flights!"
63,"Budget-Friendly Vacation Packages, Luxury Hotel Deals, Special Discounts on Flights!, Exclusive Business Class Offers!"
64,"Budget-Friendly Vacation Packages, Luxury Hotel Deals, Special Discounts on Flights!, Exclusive Business Class Offers!"
65,"Budget-Friendly Vacation Packages, Luxury Hotel Deals, Exclusive Business Class Offers!, Special Discounts on Flights!"
66,"Budget-Friendly Vacation Packages, Luxury Hotel Deals, Exclusive Business Class Offers!, Special Discounts on Flights!"
67,"Budget-Friendly Vacation Packages, Luxury Hotel Deals, Special Discounts on Flights!"
68,"Budget-Friendly Vacation Packages, Luxury Hotel Deals, Special Discounts on Flights!"
69,"Budget-Friendly Vacation Packages, Luxury Hotel Deals, Exclusive Business Class Offers!, Special Discounts on Flights!"
70,"Budget-Friendly Vacation Packages, Luxury Hotel Deals, Special Discounts on Flights!, Exclusive Business Class Offers!"
71,"Budget-Friendly Vacation Packages, Luxury Hotel Deals, Exclusive Business Class Offers!, Special Discounts on Flights!"
72,"Budget-Friendly Vacation Packages, Luxury Hotel Deals, Special Discounts on Flights!"
73,"Budget-Friendly Vacation Packages, Luxury Hotel Deals, Special Discounts on Flights!, Exclusive Business Class Offers!"
74,"Budget-Friendly Vacation Packages, Luxury Hotel Deals, Exclusive Business Class Offers!, Special Discounts on Flights!"
75,"Budget-Friendly Vacation Packages, Luxury Hotel Deals, Special Discounts on Flights!"
76,"Budget-Friendly Vacation Packages, Luxury Hotel Deals, Special Discounts on Flights!"
77,"Budget-Friendly Vacation Packages, Luxury Hotel Deals, Exclusive Business Class Offers!, Special Discounts on Flights!"
78,"Budget-Friendly Vacation Packages, Luxury Hotel Deals, Special Discounts on Flights!, Exclusive Business Class Offers!"
79,"Budget-Friendly Vacation Packages, Luxury Hotel Deals, Special Discounts on Flights!"
80,"Budget-Friendly Vacation Packages, Luxury Hotel Deals, Special Discounts on Flights!"
81,"Budget-Friendly Vacation Packages, Luxury Hotel Deals, Special Discounts on Flights!, Exclusive Business Class Offers!"
82,"Budget-Friendly Vacation Packages, Luxury Hotel Deals, Exclusive Business Class Offers!, Special Discounts on Flights!"
83,"Budget-Friendly Vacation Packages, Luxury Hotel Deals, Special Discounts on Flights!, Exclusive Business Class Offers!"
84,"Budget-Friendly Vacation Packages, Luxury Hotel Deals, Special Discounts on Flights!"
85,"Budget-Friendly Vacation Packages, Luxury Hotel Deals, Special Discounts on Flights!, Exclusive Business Class Offers!"
86,"Budget-Friendly Vacation Packages, Luxury Hotel Deals, Special Discounts on Flights!, Exclusive Business Class Offers!"
87,"Budget-Friendly Vacation Packages, Luxury Hotel Deals, Special Discounts on Flights!, Exclusive Business Class Offers!"
88,"Budget-Friendly Vacation Packages, Luxury Hotel Deals, Special Discounts on Flights!, Exclusive Business Class Offers!"
89,"Budget-Friendly Vacation Packages, Luxury Hotel Deals, Exclusive Business Class Offers!, Special Discounts on Flights!"
90,"Budget-Friendly Vacation Packages, Luxury Hotel Deals, Exclusive Business Class Offers!, Special Discounts on Flights!"
91,"Budget-Friendly Vacation Packages, Luxury Hotel Deals, Special Discounts on Flights!, Exclusive Business Class Offers!"
92,"Budget-Friendly Vacation Packages, Luxury Hotel Deals, Special Discounts on Flights!, Exclusive Business Class Offers!"
93,"Budget-Friendly Vacation Packages, Luxury Hotel Deals, Special Discounts on Flights!, Exclusive Business Class Offers!"
94,"Budget-Friendly Vacation Packages, Luxury Hotel Deals, Exclusive Business Class Offers!, Special Discounts on Flights!"
95,"Budget-Friendly Vacation Packages, Luxury Hotel Deals, Exclusive Business Class Offers!, Special Discounts on Flights!"
96,"Budget-Friendly Vacation Packages, Luxury Hotel Deals, Special Discounts on Flights!, Exclusive Business Class Offers!"
97,"Budget-Friendly Vacation Packages, Luxury Hotel Deals, Exclusive Business Class Offers!, Special Discounts on Flights!"
98,"Budget-Friendly Vacation Packages, Luxury Hotel Deals, Exclusive Business Class Offers!, Special Discounts on Flights!"
99,"Budget-Friendly Vacation Packages, Luxury Hotel Deals, Special Discounts on Flights!, Exclusive Business Class Offers!"
100,"Budget-Friendly Vacation Packages, Luxury Hotel Deals, Exclusive Business Class Offers!, Special Discounts on Flights!"
